{
  "best_val_top1": 71.53362464030694,
  "test_top1": 75.87722772277228,
  "test_top5": 93.8019801980198,
  "test_loss": 1.5842630623638039
}