{
  "best_val_top1": 81.24803025527892,
  "test_top1": 85.51683168316832,
  "test_top5": 96.74851485148515,
  "test_loss": 1.263527021785774
}