{
  "best_val_top1": 95.62254259501965,
  "test_top1": 95.62254259501965,
  "test_top5": 100.0,
  "test_loss": 0.9149741212318641
}