{
  "best_val_top1": 80.79290558163798,
  "test_top1": 85.26732673267327,
  "test_top5": 96.42376237623762,
  "test_loss": 1.2754187338281386
}