{
  "best_val_top1": 95.91087811271298,
  "test_top1": 95.91087811271298,
  "test_top5": 100.0,
  "test_loss": 0.9236765994469429
}