{
  "test_samples": 506,
  "mean_calorie": 255.97192596423295,
  "std_calorie": 211.93700491369447,
  "mean_baseline": {
    "mae": 168.46514643985253,
    "rmse": 211.93700491369447,
    "r2": 4.440892098500626e-16,
    "mape": 386.0015534776419
  },
  "trained_regressor": {
    "mae": 107.51540104131925,
    "rmse": 150.8465968069533,
    "r2": 0.4934090254411917,
    "mape": 168.19041899974764
  },
  "mae_improvement_kcal": 60.94974539853328,
  "mae_improvement_pct": 36.17943930039814,
  "rmse_improvement_kcal": 61.090408106741165,
  "rmse_improvement_pct": 28.824795429952673
}